epoch,time,train/box_loss,train/seg_loss,train/cls_loss,train/l1_loss,train/sem_loss,metrics/precision(B),metrics/recall(B),metrics/mAP50(B),metrics/mAP50-95(B),metrics/precision(M),metrics/recall(M),metrics/mAP50(M),metrics/mAP50-95(M),val/box_loss,val/seg_loss,val/cls_loss,val/l1_loss,val/sem_loss,lr/pg0,lr/pg1,lr/pg2
1,1004.18,1.46233,2.28402,1.23086,0.00906,0,0.84275,0.85874,0.9262,0.58397,0.77458,0.80351,0.82172,0.41905,0.97278,1.3746,0.57727,0.00951,0,0.000199919,0.000199919,0.080208
2,1953.41,1.40101,2.15622,0.95459,0.00854,0,0.8947,0.86935,0.94921,0.59828,0.82709,0.79989,0.83676,0.4226,0.9803,1.49111,0.62257,0.00945,0,0.000399696,0.000399696,0.0604078
3,2897.31,1.39233,2.12674,0.87708,0.00842,0,0.91156,0.91568,0.96781,0.64706,0.85799,0.84728,0.88124,0.48591,0.90682,1.32681,0.39944,0.00834,0,0.000598578,0.000598578,0.0406066
4,3833.4,1.35564,2.0902,0.81764,0.00819,0,0.92748,0.92247,0.9736,0.64548,0.86466,0.86078,0.88318,0.4829,0.89688,1.3218,0.36137,0.00802,0,0.000795899,0.000795899,0.020804
5,4768.01,1.33858,2.07628,0.78135,0.00807,0,0.93106,0.92783,0.977,0.65416,0.87453,0.8678,0.89527,0.48967,0.88509,1.31758,0.34823,0.00793,0,0.000990998,0.000990998,0.000999056
6,5701.04,1.34148,2.07754,0.76042,0.00809,0,0.93624,0.93809,0.98054,0.6581,0.87846,0.87572,0.8952,0.48798,0.87693,1.31305,0.31857,0.0078,0,0.000986085,0.000986085,0.000986085
7,6634.66,1.32846,2.05794,0.74044,0.00802,0,0.9422,0.9425,0.98297,0.66568,0.88619,0.88647,0.90351,0.50189,0.87148,1.30295,0.29994,0.00777,0,0.000980008,0.000980008,0.000980008
8,7568.29,1.31865,2.03975,0.72405,0.00796,0,0.95213,0.94323,0.9842,0.66783,0.89877,0.88478,0.90375,0.5028,0.86755,1.30737,0.30048,0.00768,0,0.000972862,0.000972862,0.000972862
9,8500.91,1.3166,2.03966,0.72006,0.00793,0,0.95819,0.94986,0.98619,0.67231,0.90151,0.88473,0.90386,0.50849,0.85986,1.2967,0.28297,0.00761,0,0.000964664,0.000964664,0.000964664
10,9434.17,1.31258,2.03811,0.70069,0.00788,0,0.95075,0.95314,0.98615,0.67576,0.90401,0.89021,0.90826,0.509,0.85675,1.29617,0.28146,0.00753,0,0.000955436,0.000955436,0.000955436
11,10367.5,1.31302,2.01689,0.6935,0.0079,0,0.95809,0.95728,0.9878,0.67932,0.90495,0.89496,0.90866,0.50956,0.8528,1.28922,0.26965,0.00748,0,0.0009452,0.0009452,0.0009452
12,11303.6,1.30664,2.01705,0.69061,0.00785,0,0.95952,0.95773,0.98812,0.68007,0.90532,0.8996,0.90981,0.50987,0.84905,1.28782,0.26768,0.00743,0,0.000933981,0.000933981,0.000933981
13,12245.7,1.30612,2.01632,0.68039,0.00783,0,0.95984,0.96186,0.98821,0.68022,0.90714,0.90113,0.91164,0.51154,0.84628,1.28625,0.2625,0.0074,0,0.000921807,0.000921807,0.000921807
14,13186.7,1.30272,2.00702,0.67001,0.00781,0,0.95925,0.96095,0.98856,0.68018,0.90938,0.8973,0.91191,0.51054,0.84539,1.28379,0.26194,0.00739,0,0.00090871,0.00090871,0.00090871
15,14127.6,1.2959,1.99541,0.66836,0.00778,0,0.96362,0.95993,0.98882,0.68259,0.91009,0.90168,0.91306,0.51454,0.8435,1.28144,0.25828,0.0074,0,0.00089472,0.00089472,0.00089472
16,15068.6,1.29054,1.98923,0.65639,0.00775,0,0.96232,0.96267,0.98905,0.68203,0.91333,0.90171,0.91287,0.51356,0.84362,1.2791,0.25513,0.00737,0,0.000879873,0.000879873,0.000879873
17,16008.3,1.28941,1.99003,0.65937,0.00774,0,0.96171,0.9622,0.98849,0.68281,0.90821,0.9049,0.9133,0.51523,0.84252,1.27837,0.2578,0.00737,0,0.000864207,0.000864207,0.000864207
18,16951.3,1.28011,1.98132,0.65076,0.00768,0,0.96428,0.96262,0.98876,0.68469,0.91235,0.90141,0.91367,0.5166,0.83915,1.27646,0.25616,0.00734,0,0.000847759,0.000847759,0.000847759
19,17893.6,1.28506,1.97819,0.64232,0.00764,0,0.96283,0.96423,0.98909,0.68594,0.91034,0.89972,0.91106,0.51737,0.8371,1.2761,0.25418,0.0073,0,0.00083057,0.00083057,0.00083057
20,18839.8,1.27774,1.98152,0.63752,0.00759,0,0.96228,0.96514,0.98862,0.68626,0.90976,0.90374,0.91285,0.51782,0.83479,1.27455,0.25603,0.00729,0,0.000812685,0.000812685,0.000812685
21,19780.7,1.27363,1.97736,0.63334,0.00757,0,0.96462,0.96423,0.98897,0.68669,0.91148,0.90481,0.91333,0.51867,0.83429,1.27385,0.25326,0.00728,0,0.000794146,0.000794146,0.000794146
22,20722.9,1.27076,1.95999,0.62319,0.00755,0,0.96602,0.96534,0.98927,0.68654,0.91336,0.90583,0.91403,0.51821,0.83368,1.27179,0.25273,0.00726,0,0.000775,0.000775,0.000775
23,21663.7,1.26983,1.98267,0.62635,0.0075,0,0.96625,0.96514,0.98933,0.68858,0.91543,0.90617,0.91398,0.51926,0.833,1.2704,0.25238,0.00726,0,0.000755295,0.000755295,0.000755295
24,22607.7,1.2666,1.96115,0.63311,0.00753,0,0.96546,0.96627,0.98949,0.68921,0.91429,0.90559,0.91406,0.52046,0.83258,1.26964,0.24977,0.00726,0,0.000735079,0.000735079,0.000735079
25,23550.8,1.26028,1.94792,0.62729,0.00749,0,0.96651,0.9648,0.98947,0.68874,0.91439,0.90572,0.91416,0.51995,0.83223,1.26937,0.2513,0.00725,0,0.000714403,0.000714403,0.000714403
26,24489.2,1.25565,1.93745,0.61589,0.00747,0,0.96567,0.96593,0.9895,0.68946,0.91376,0.90542,0.91368,0.52044,0.8314,1.26863,0.25011,0.00725,0,0.000693319,0.000693319,0.000693319
27,25428.5,1.26077,1.95507,0.62522,0.00747,0,0.96419,0.96842,0.98945,0.69015,0.91219,0.90911,0.91381,0.52097,0.83022,1.26824,0.24987,0.00723,0,0.000671878,0.000671878,0.000671878
28,26369.7,1.25142,1.95014,0.60567,0.00742,0,0.96309,0.96865,0.98936,0.68962,0.91116,0.90934,0.91429,0.52033,0.82987,1.26752,0.2514,0.00723,0,0.000650134,0.000650134,0.000650134
29,27309.7,1.24493,1.93859,0.60537,0.00739,0,0.96553,0.96684,0.98945,0.69079,0.91259,0.90889,0.915,0.52126,0.82923,1.26678,0.24975,0.00722,0,0.000628142,0.000628142,0.000628142
30,28249.4,1.25138,1.94979,0.60479,0.00743,0,0.96663,0.96706,0.98943,0.68978,0.91685,0.90734,0.91554,0.52144,0.82913,1.26653,0.24851,0.00721,0,0.000605955,0.000605955,0.000605955
31,29188.7,1.24087,1.93526,0.60352,0.00737,0,0.96648,0.9659,0.98954,0.6907,0.91766,0.90572,0.91502,0.52143,0.82904,1.26613,0.24857,0.00721,0,0.000583629,0.000583629,0.000583629
32,30129.8,1.24373,1.93567,0.5956,0.00734,0,0.97035,0.96287,0.98967,0.69081,0.91833,0.90617,0.91556,0.52169,0.8286,1.26549,0.24944,0.00721,0,0.000561219,0.000561219,0.000561219
33,31069.3,1.23617,1.932,0.59383,0.00732,0,0.96925,0.96514,0.98974,0.69159,0.91777,0.90594,0.91539,0.52177,0.82863,1.2649,0.24837,0.0072,0,0.000538781,0.000538781,0.000538781
34,32009,1.23631,1.91998,0.5908,0.00729,0,0.97058,0.96412,0.9894,0.69159,0.91972,0.90644,0.91511,0.52214,0.82893,1.2643,0.24731,0.0072,0,0.000516371,0.000516371,0.000516371
35,32949.6,1.23779,1.92185,0.58724,0.00723,0,0.96959,0.96503,0.98943,0.69174,0.9191,0.9073,0.91512,0.52219,0.82811,1.26424,0.24712,0.0072,0,0.000494045,0.000494045,0.000494045
36,33887.2,1.22919,1.91803,0.5806,0.00724,0,0.96671,0.96621,0.98912,0.69197,0.91648,0.90787,0.9154,0.52188,0.82808,1.26392,0.2482,0.00719,0,0.000471858,0.000471858,0.000471858
37,34827.7,1.23051,1.919,0.58843,0.00719,0,0.96475,0.9666,0.98898,0.69186,0.91538,0.90775,0.91529,0.52196,0.82753,1.26352,0.24796,0.00719,0,0.000449866,0.000449866,0.000449866
38,35765.5,1.22192,1.90844,0.57775,0.00718,0,0.96757,0.96574,0.98962,0.69248,0.9176,0.90651,0.91568,0.52231,0.82726,1.26309,0.24706,0.00718,0,0.000428122,0.000428122,0.000428122
39,36706.5,1.22033,1.90734,0.58529,0.00715,0,0.96629,0.96997,0.98974,0.69258,0.91517,0.91088,0.91577,0.52202,0.82717,1.26275,0.24597,0.00718,0,0.000406681,0.000406681,0.000406681
40,37645,1.21273,1.89722,0.56997,0.00715,0,0.96829,0.96771,0.9898,0.69288,0.91699,0.90902,0.91605,0.52254,0.8268,1.26246,0.24532,0.00718,0,0.000385597,0.000385597,0.000385597
41,38585.3,1.21498,1.90194,0.5733,0.00712,0,0.96977,0.96952,0.99005,0.69381,0.9179,0.90968,0.91583,0.52283,0.82634,1.26199,0.2442,0.00717,0,0.000364921,0.000364921,0.000364921
42,39523.9,1.21376,1.9002,0.56953,0.00708,0,0.96797,0.97091,0.99006,0.69411,0.91793,0.9089,0.91484,0.5225,0.82583,1.26196,0.24402,0.00717,0,0.000344705,0.000344705,0.000344705
43,40464.5,1.21045,1.89885,0.56161,0.00707,0,0.96824,0.97012,0.98979,0.69409,0.91803,0.9089,0.91476,0.5224,0.82582,1.26176,0.24398,0.00716,0,0.000325,0.000325,0.000325
44,41405.2,1.21372,1.89384,0.56325,0.00705,0,0.96805,0.9708,0.98979,0.69441,0.91835,0.90901,0.91555,0.52236,0.82553,1.26136,0.2436,0.00716,0,0.000305854,0.000305854,0.000305854
45,42347.1,1.20246,1.88814,0.56007,0.00703,0,0.96849,0.97052,0.98999,0.69464,0.91956,0.90979,0.91612,0.52281,0.82536,1.26077,0.24339,0.00716,0,0.000287315,0.000287315,0.000287315
46,43286.2,1.20149,1.88606,0.56113,0.00707,0,0.9709,0.96808,0.98996,0.69463,0.91898,0.909,0.91593,0.52271,0.82531,1.26063,0.24416,0.00715,0,0.00026943,0.00026943,0.00026943
47,44225.8,1.19785,1.87878,0.55426,0.00703,0,0.97183,0.96967,0.98999,0.69472,0.92018,0.91058,0.91599,0.52335,0.82532,1.26067,0.24266,0.00715,0,0.000252241,0.000252241,0.000252241
48,45167.6,1.19979,1.88309,0.55784,0.00702,0,0.97096,0.96878,0.99008,0.69426,0.92049,0.90956,0.91628,0.52392,0.82488,1.26029,0.24273,0.00715,0,0.000235793,0.000235793,0.000235793
49,46014.4,1.11801,1.85351,0.34376,0.00749,0,0.97475,0.96695,0.99012,0.69373,0.9228,0.9107,0.91667,0.52334,0.82462,1.26014,0.24244,0.00715,0,0.000220127,0.000220127,0.000220127
50,46853.6,1.11206,1.84153,0.33876,0.00746,0,0.97494,0.96729,0.99007,0.69359,0.92353,0.91262,0.91701,0.52359,0.82441,1.25992,0.24161,0.00715,0,0.00020528,0.00020528,0.00020528
51,47692.4,1.10787,1.84262,0.33577,0.00742,0,0.97312,0.97123,0.99,0.69367,0.92169,0.91409,0.91695,0.52385,0.8249,1.2599,0.24015,0.00714,0,0.00019129,0.00019129,0.00019129
52,48532.5,1.10093,1.83992,0.33444,0.00737,0,0.96905,0.97385,0.99011,0.69371,0.9201,0.91443,0.91725,0.52412,0.82447,1.25981,0.24038,0.00714,0,0.000178193,0.000178193,0.000178193
53,49373.9,1.10162,1.83898,0.32934,0.00734,0,0.97219,0.97091,0.99008,0.69362,0.92291,0.91329,0.91737,0.52409,0.82463,1.25969,0.23959,0.00714,0,0.000166019,0.000166019,0.000166019
54,50211.7,1.09892,1.83302,0.32919,0.00734,0,0.97138,0.97206,0.99014,0.69378,0.92128,0.91477,0.91739,0.52327,0.82431,1.25949,0.23932,0.00713,0,0.0001548,0.0001548,0.0001548
55,51052.2,1.09773,1.83631,0.32422,0.00731,0,0.97385,0.96964,0.99026,0.69394,0.92174,0.91453,0.91702,0.52332,0.82456,1.2595,0.23813,0.00713,0,0.000144564,0.000144564,0.000144564
56,51891.6,1.09472,1.82781,0.32348,0.00729,0,0.97455,0.96865,0.99032,0.69352,0.92201,0.91353,0.91712,0.5233,0.82425,1.25931,0.23806,0.00712,0,0.000135336,0.000135336,0.000135336
57,52734.8,1.0901,1.82598,0.32166,0.00727,0,0.97304,0.9708,0.9903,0.69397,0.92115,0.91341,0.91689,0.52427,0.82386,1.2594,0.23706,0.00712,0,0.000127138,0.000127138,0.000127138
58,53579.4,1.09029,1.83,0.31724,0.00725,0,0.96951,0.97184,0.9901,0.69301,0.92142,0.91185,0.91678,0.52409,0.82384,1.2594,0.23751,0.00711,0,0.000119992,0.000119992,0.000119992
59,54418.4,1.08999,1.82793,0.31526,0.00725,0,0.97091,0.97193,0.99001,0.69285,0.91925,0.91398,0.91638,0.5241,0.82432,1.25951,0.23592,0.00711,0,0.000113915,0.000113915,0.000113915
60,55240.3,1.08682,1.82167,0.31061,0.00721,0,0.97255,0.97061,0.99012,0.69271,0.92095,0.91248,0.91625,0.5243,0.82451,1.25937,0.23569,0.00711,0,0.000108922,0.000108922,0.000108922
61,56077.5,1.08285,1.82138,0.31201,0.00719,0,0.97071,0.97102,0.99016,0.69257,0.92125,0.91205,0.91639,0.52402,0.8246,1.25939,0.23637,0.00711,0,0.000105026,0.000105026,0.000105026
62,56917.8,1.08406,1.81836,0.31091,0.00719,0,0.97421,0.97068,0.9903,0.69269,0.92226,0.91296,0.91658,0.52411,0.82485,1.25936,0.23436,0.00712,0,0.000102236,0.000102236,0.000102236
63,57762.7,1.08109,1.81579,0.31159,0.00716,0,0.97412,0.97118,0.99038,0.69188,0.92337,0.91285,0.91684,0.52339,0.82499,1.25967,0.23358,0.00712,0,0.000100559,0.000100559,0.000100559
